AdminID,Name,Email,Password
1,Alice Smith,alice.smith@example.com,adminpassword1
2,Bob Johnson,bob.johnson@example.com,adminpassword2
3,Charlie Brown,charlie.brown@example.com,adminpassword3
4,Diana Davis,diana.davis@example.com,adminpassword4
5,Eva Wilson,eva.wilson@example.com,adminpassword5
6,Frank Miller,frank.miller@example.com,adminpassword6
7,Grace Taylor,grace.taylor@example.com,adminpassword7
8,Henry Clark,henry.clark@example.com,adminpassword8
9,Isabel Martinez,isabel.martinez@example.com,adminpassword9
10,Jack Anderson,jack.anderson@example.com,adminpassword10
11,Katherine White,katherine.white@example.com,adminpassword11
12,Leo Rodriguez,leo.rodriguez@example.com,adminpassword12
13,Megan Harris,megan.harris@example.com,adminpassword13
14,Nathan Lee,nathan.lee@example.com,adminpassword14
15,Olivia Green,olivia.green@example.com,adminpassword15
16,Paula Martinez,paula.martinez@example.com,adminpassword16
17,Quentin Adams,quentin.adams@example.com,adminpassword17
18,Rachel Scott,rachel.scott@example.com,adminpassword18
19,Samuel Carter,samuel.carter@example.com,adminpassword19
20,Tina Nguyen,tina.nguyen@example.com,adminpassword20
