OwnerID,Name,Email,Password
1,John Doe,john.doe@example.com,ownerpassword1
2,Jane Smith,jane.smith@example.com,ownerpassword2
3,Michael Johnson,michael.johnson@example.com,ownerpassword3
4,Emily Brown,emily.brown@example.com,ownerpassword4
5,David Wilson,david.wilson@example.com,ownerpassword5
6,Emma Davis,emma.davis@example.com,ownerpassword6
7,James Taylor,james.taylor@example.com,ownerpassword7
8,Olivia Martinez,olivia.martinez@example.com,ownerpassword8
9,Daniel Anderson,daniel.anderson@example.com,ownerpassword9
10,Sophia Garcia,sophia.garcia@example.com,ownerpassword10
11,Matthew Hernandez,matthew.hernandez@example.com,ownerpassword11
12,Isabella Lopez,isabella.lopez@example.com,ownerpassword12
13,Christopher Gonzalez,christopher.gonzalez@example.com,ownerpassword13
14,Ava Wilson,ava.wilson@example.com,ownerpassword14
15,Joshua Perez,joshua.perez@example.com,ownerpassword15
16,Mia Adams,mia.adams@example.com,ownerpassword16
17,Andrew Campbell,andrew.campbell@example.com,ownerpassword17
18,Charlotte Moore,charlotte.moore@example.com,ownerpassword18
19,Ryan Rivera,ryan.rivera@example.com,ownerpassword19
20,Amelia Bailey,amelia.bailey@example.com,ownerpassword20
