TrainerID,Name,Email,Password,Experience,TotalClients
1,John Smith,john.smith@example.com,password1,5,15
2,Emily Johnson,emily.j@example.com,password2,3,10
3,Michael Brown,michael.b@example.com,password3,7,20
4,Sarah Davis,sarah.d@example.com,password4,4,12
5,David Wilson,david.w@example.com,password5,6,18
6,Jessica Taylor,jessica.t@example.com,password6,2,8
7,Christopher Martinez,christopher.m@example.com,password7,8,25
8,Amanda Anderson,amanda.a@example.com,password8,5,14
9,James Harris,james.h@example.com,password9,3,11
10,Jennifer Thomas,jennifer.t@example.com,password10,9,30
11,Daniel Jackson,daniel.j@example.com,password11,6,19
12,Ashley White,ashley.w@example.com,password12,4,13
13,Matthew Garcia,matthew.g@example.com,password13,7,22
14,Elizabeth Martinez,elizabeth.m@example.com,password14,2,9
15,Andrew Wilson,andrew.w@example.com,password15,8,26
16,Olivia Clark,olivia.c@example.com,password16,5,16
17,Joshua Lopez,joshua.l@example.com,password17,3,10
18,Sophia Young,sophia.y@example.com,password18,10,32
19,Christopher Turner,christopher.t@example.com,password19,6,21
20,Isabella Harris,isabella.h@example.com,password20,4,12
